id_noticia,fuente,url,categoria_busqueda
N001,BioBioChile,https://www.biobiochile.cl/noticias/nacional/region-metropolitana/2026/09/01/investigan-asesinato-en-san-ramon-hombre-muere-tras-ataque-a-tiros-en-poblacion-la-bandera.shtml,homicidio
N002,Cooperativa,https://www.cooperativa.cl/noticias/pais/policial/drogas/pdi-desbarato-red-de-narcotrafico-en-los-rios-12-detenidos-y-150-kilos/2026-08-21/123148.html,trafico_drogas
N003,LaTercera,https://www.latercera.com/nacional/noticia/pdi-detuvo-a-dos-colombianos-por-el-crimen-el-presunto-ajuste-de-cuentas-narco-detras-de-horroroso-homicidio-en-curacavi/,homicidio
N004,Cooperativa,https://www.cooperativa.cl/noticias/pais/policial/drogas/cayo-narcobanda-en-maipu-y-recoleta-ocultaban-la-mercancia-en-la-rueda/2026-08-30/133248.html,trafico_drogas
N005,BioBioChile,https://www.biobiochile.cl/noticias/nacional/region-metropolitana/2026/09/12/prision-preventiva-para-otros-dos-imputados-por-crimen-de-carabinero-en-renca-ya-van-cinco-detenidos.shtml,homicidio
N006,BioBioChile,https://www.biobiochile.cl/noticias/nacional/region-de-antofagasta/2026/09/08/detienen-a-dos-menores-de-15-y-16-anos-por-homicidio-de-adolescente-en-calama.shtml,homicidio
N007,BioBioChile,https://www.biobiochile.cl/noticias/nacional/region-metropolitana/2026/09/23/allanamiento-en-el-bosque-deja-un-detenido-por-homicidio-huyo-por-los-techos-e-intento-disparar-a-pdi.shtml,homicidio
N008,BioBioChile,https://www.biobiochile.cl/noticias/nacional/region-metropolitana/2026/09/17/pdi-detiene-a-presunto-asesino-de-un-conductor-de-aplicacion-en-puente-alto-tiene-17-anos.shtml,homicidio
N009,BioBioChile,https://www.biobiochile.cl/noticias/nacional/region-metropolitana/2026/09/27/tenia-16-anos-y-era-extranjero-lo-que-se-sabe-del-secuestro-con-homicidio-de-joven-en-buin.shtml,homicidio
N010,BioBioChile,https://www.biobiochile.cl/noticias/nacional/region-metropolitana/2026/09/23/detienen-a-chureja-presunto-implicado-en-asesinato-de-carabinero-en-renca.shtml,homicidio
N011,Cooperativa,https://www.cooperativa.cl/noticias/pais/policial/homicidios/en-estacion-central-detuvieron-a-presunto-autor-material-de-crimen-de/2026-09-23/221628.html,homicidio
N012,Cooperativa,https://www.cooperativa.cl/noticias/pais/policial/drogas/pdi-desarticulo-banda-narco-transnacional-e-incauto-mas-de-800-kilos-de/2026-09-13/135126.html,trafico_drogas
N013,Cooperativa,https://www.cooperativa.cl/noticias/pais/policial/drogas/pdi-desarticulo-focos-de-venta-y-acopio-de-banda-narco-en-puente-alto/2026-09-12/103145.html,trafico_drogas
N014,Cooperativa,https://www.cooperativa.cl/noticias/pais/region-de-antofagasta/cinco-puntos-de-drogas-fueron-desarticulados-en-antofagasta/2026-09-26/115041.html,trafico_drogas
N015,LaTercera,https://www.latercera.com/nacional/noticia/cuatro-detenidos-y-mas-de-16-toneladas-de-droga-incautada-deja-importante-operativo-policial/,trafico_drogas
N016,fiscaliadechile.cl,https://news.google.com/rss/articles/CBMiqwFBVV95cUxQbTY0LUlKTU5BeE8yVkFTeU9mNXRmVGM5dmg3TjZDZDFvaGNyVmFrYXIzNGwxbzRpTE0ySUlYeGN0RVNtcjE0VU9ic09HWlllZUhtREV4NDFFdloyS05mNkt1RWROZm5UQWh1YVJha3NjYnZxTThNM3ExMEJ5N0d3UV9IVUhnZWk1dXRJZUM5RUs2LTNVNldQQTZZTXBBUFoweWRRM2dWTEtlMkk?oc=5&hl=en-US&gl=US&ceid=US:en,homicidio
N017,EL PAÍS,https://news.google.com/rss/articles/CBMimAFBVV95cUxNbTlKdlp4cmVXb1JxYjdyaDJDVC1Ya28zNGFSRWdJNEVCdk5XR0NJRHFzdVVKel82Z2N1U0xvN0tUeGl5UnVGend1YTBQX2puUWdIRk1YQ0N5M1J3T0N1T2FIMHNqVmp0SkdvNUVZNTBYQ3Q3XzljdXlzSWpxakUxb01zZVBqTE1lTjQ2THJid0J5V2dKbDJQRtIBrAFBVV95cUxPVHptb21LeWNqWXM2cWNOUDlLMUN6MUxhc1N2YXZHNGlKR0JhVFA4RldqemkwamV2alFKM3pyQU9hT1o2aGw2NTFVUE5xYnNEUjk4UVNnYktwWEhNT3doV19uQTJZMS1zQzVpVTJfbnVVRUVoZkYwdDRtbU51a3BUQmdYalpQaW9KcXIxM0ZuR0ViSEdDOVdCZm5WUF80RGdlQm1jNEhTeEQ2eWM3?oc=5&hl=en-US&gl=US&ceid=US:en,homicidio
N018,La Tercera,https://news.google.com/rss/articles/CBMi6wFBVV95cUxPRlU4OGFpQ3BkUDE3bkp5bi1Md0RyMXVFd2x0WVFwUnBGeEozTUdCTkJlYWxZanExOGZYd0x1NEFFWHQxR2Y1ajNTRmpSRlRERHZQbGlfNlNWNGl2LUFuMXpTX282UnRqV0xlSHViUVNOMkRsbEpfNlhCbkFlOVVwVlJiV0NFcjVmQ3gwQmtPOURTSmhRYzBoMHdZQ2RXc2NSRWdzWmlFcVBjemp3QjRRVlBidV9Ba0huWGI1b29lTW1hdGJqVjQxc0MxaXQzSWxVeUJ0dVh0SVhRbjVld08zcDhlVzZYOUhVeWNN0gGMAkFVX3lxTFBVa1hiREc3S2xHZUtiN2c3SW85N1pTTHlWa2pGRkhUR2o4RFFLWmZ3Q1RUUDZNTGNOSUZuV09OeG9ycmNZQ1ppbFFzUzMwZzZyMXY5MTluUF9KblB5d0ZwNkJ4UVAxZENabmxyZDhZWDR4QmMzdUZRRGJJSzI1clZwSko1dGNJSEk0UzZlemVBS3dwWTJQQWFfMVd1M0stMF9IMnQxaDh5VzU2WUdPb3dhWGMxaHlSVEdreXVuRkFhc05CcDQtUXRCTUEtXzAwZVltLU9MN0c5MVZDZHduV1BTVGhDcnV3RmpBSmc5TE81OGJaWDNSSnV3Tm1DaGFTZXNGZkRPbUU2R3VyWHc?oc=5&hl=en-US&gl=US&ceid=US:en,homicidio
N019,CNN Chile,https://news.google.com/rss/articles/CBMisAFBVV95cUxPQThHdTRBUzFJQndPejNiSHFQbTNnSzJFVjI4ZFpWRm1DT3RrLU53cDJpY25PMFBSZ1QxMjNVanQ4c2ZURkZQeW1CUV9XTjZIckFJZ2I2ZjlEMEtHNHFfcXZfVFhaWEtsYklRYW1nNlh6VWNEU0owOTlhTURrYlJuNlZtTFFiZmNTaUlWaFhrV2JoWDRsRUhGcW9BVHhDeXRkVDd1S0RUNXlFVmFmY09nZQ?oc=5&hl=en-US&gl=US&ceid=US:en,homicidio
N020,BioBioChile,https://news.google.com/rss/articles/CBMigwJBVV95cUxOaHoza1BhMkVJa04xN3QxdDN1OWIwNE5ZS0F5eTRrZVc5a2tJaTR6ZnhxdHZjMV9icGxCMjc0U3VBb2tpVjdCM2hnZXhBbVhKY282VE5Qemc5YjNERmRmUW5neHl0QnZrRFZyTGtxc0JMWGNaWXp4bS0tOWF4OE1LWHlTNFNsdGV5S1otR2FQNHhBX0ZtZUdETkhhYzhqNU9rcTVSRE1NbmZ5OU52QnloTmEwOEh0RDZXY1JtRWE4ckRTU29GeFNzMTdfR29ZbDBoeXRIaXFWakhFMU1VOVRXbWtPYmhKVTI5eVJ3RkoyNFJ3OWx5RkU4cDVyc2w5VklaVzBJ?oc=5&hl=en-US&gl=US&ceid=US:en,homicidio
N021,fiscaliadechile.cl,https://news.google.com/rss/articles/CBMixAFBVV95cUxOdEFzeUtkUU9CUzAxbklWbGx6U0ZvR0NNNWc3aHpwT2ZHZUFVTWN4NDRTWFhHeVhDVWx5cTJOaWFYMXZ4R3dpM3RQYVV2X1lNQi1UWWw2blNyekNLSnptTWJnVUxXSHpmcjhtc0ZleTc4UUpaNVdSYlFYckxFSnplaVBHM2gwZGJKTXBGelUxTzZINDdHRVlEbC1WT1Vwck1rMmp4Y2RaRkM5TVhnRDI0M1ljWFZ4UjBxSjJIZXRSTld6Xzgz?oc=5&hl=en-US&gl=US&ceid=US:en,trafico_drogas
N022,Ex-ante,https://news.google.com/rss/articles/CBMifkFVX3lxTFB2ckw2UVpIQ0puZk1rZWU5cUZKMGJqRmhvVXhOM0JfeGFRWmFPUkpqNzNEYUNDTTlpZUMzS0hvd29QMG9IVUFQd3ZDVDhnUzhFUm5zcDB6LWhUM1Itc2lEVHl6bm14b01fYkx5Tm1jUzliWVBIZnNjSllCRG8yQQ?oc=5&hl=en-US&gl=US&ceid=US:en,trafico_drogas
N023,EnEstrado.com,https://news.google.com/rss/articles/CBMiugFBVV95cUxOLWEyckZZWl9SLWo5T0NlLVF1MlB2cUlTWnQxXzJnV1NvT1c1NnZ6Z0h3Q2pwc2tMMzZ2ZElvbm9jaEdvS3VGMWhWYXJGNWF1Y2pfMUhEUmxYMTVQdElXNE42bFdOWWg1eXVoaC12YU1sT29MOGJaQUJFbHZnUTdRZGpzUjlmWlZXS2toOFFkZWdLM3B5LS1CN2o2cmpjLUt0SWJqQ1hENm9aSTdYYmI2YnFIT0pNb1N4S2c?oc=5&hl=en-US&gl=US&ceid=US:en,trafico_drogas
N024,theclinic.cl,https://news.google.com/rss/articles/CBMi_AFBVV95cUxPc0E1Z0lMTXRCaXNtNnNDU0ZEaFdPZzRybURhZ2k4MFVpVUtuR3VvZnQtdWJLcXpQV1dhN2NRNTNQQnBiMjRiUlJFZWpJLXBiLTNyWk41M1dSSmVxQ2t3eE0yT0pJeWNwSlNnNFBrcHdFS0FMaS12MU4xcXhDYnpZc1d1c1RreWdQNXdWNldqNTNJNmNxSU10M2lJay1aMGtJbnRKTzJDLVRKcENrV1FTMjl0VWtZT3R0NDZreEpiTlpSNU9iM0tkR3dsWl8wWFdsRC1lNWN4NFBKanNlb1BhMnNrRmRfTF9COFlvU09hUl9ra1ZqdEV0b2VWNU_SAYICQVVfeXFMUDhKWUItT2lBSTE2TENPYlNUSVFlVmRyZFRKWmhJb3cybEFLWXJRNUp1YjNoRXVfdzk3bkZHaEkwRjVOYTRYNjJ5bnh2WjFhYUM2LTBPWU1rVWxTYjVFemoyUzN3M3N6VjZCOHVXTHc1ajJXRVdSZnlYRk9mM0RVU2N5WGZRd1dGdzRsWXlRZWpfb0YyWk10ZExBV2dnUTRWeHBWOHEtWkc5WHBPX0tqNDRXNTBsSmFxSHhad3doeGMwRGJSSGwxMFI0bHVSOHFBVTdXT3R1Vk13UzJ4SFFJVWp5a1pxdjlEYXd5VjlVQkhLTWlHVzNGLXI4RnJiMF9KX3lR?oc=5&hl=en-US&gl=US&ceid=US:en,trafico_drogas
N025,EL PAÍS,https://news.google.com/rss/articles/CBMi9AFBVV95cUxNNk1sb0JJb1U1OHRWMWdVVVRGTmtsbWU2ZF9LVm9jMjNjVGRJSDhCVFlZbzFhTXQxbWIzaW94bHIxeWRreWJHNXdLUU5ueU9FRlZyZGRTbm8ta042VThveVRBZEw4RjZqa2d5eGk1UVhNdURJdFFyNmpsU2o5Mi1TZHY2TkY1cEpFeTNqTU8wQm9oQmRRTEY2LUZfUGY5eXBkaGpsTDByc1R2MGtBRlhmZHdxUnBwbF9BTnNsbE5yRFRYUGVoUTctVVBCYkNFMnlSZGRYYVQySGZCdTBxcHNxZHJGWXduV0FWRDBnVmtOcnJ0Vmt10gGIAkFVX3lxTFBaZGlma21JdFRXRldoNWZ2ejBqaUxEV01kYzFrX0VMLTZPV3RPU2VVSEZKTG5uTTZIdWRkTlBTNW5pY3JucjA3aFBXRjJ2VUhqNzNabmxzXzFTRmNlamdrYjZEWnU0X01MSWxpMU9vUDlTem5qMzc3cjhFc2gyOEpDM2psUlZldHNVTDZFNW9Cc050OWNBdmdqNmpjdHBMOFF6ejRIM1ltZlk3MzZaTmVJU0RlM1o5Y0cyMW5Jb2dwZGtUY1A5bFB6eVU4dDZRcUx6LUlVWmMtb0xHV1pQNm5rVkZZcE5FSzdILUlDWl9ra3NMVldCM2VtX2p5Sm91VXAwemFYRmd4eg?oc=5&hl=en-US&gl=US&ceid=US:en,trafico_drogas
N026,SoyChile.cl,https://news.google.com/rss/articles/CBMingFBVV95cUxOM1E4MWdadkJ1b1RmblNoc2syWWRJcExQNElfZk12SDlOOFBiSy1GT254d2ZYMzVPZmxpVVlMTHBadThwRFhuNUptYTdSdERBQ3FpZmRES1Q3dFY5WVM4WVBiZk16Z0lNUE9lNjdtc20zV3ktdWttOWVMcTMyUngwVG5Wek45SFBKMWZyb1lXbVh1NlduSnlxVTVtZGs3Zw?oc=5&hl=en-US&gl=US&ceid=US:en,robo_con_violencia
N027,fiscaliadechile.cl,https://news.google.com/rss/articles/CBMiygFBVV95cUxPQm9XZTYtdnlYU3ZEZ3o1Y1p5ZWdfLU1paHdxMG1HbXhJcERwNWRRWUctTTktcC13N3NFOV9aUGgyUy0tTHpjRENRR0lPOER2d0RlbmlqckVFMWJ5RnpDSHJWSU1oVG5QYUVMZEE5OUwxSXhzQkFUcF9qb1VKSnVOby1ETGFZWkRlQWxJcFlXTnV4MmV4dHNmRWQ1NDNjdlVhN3htaUJMdHVzR1NBN3hOVGJva3hPbmNCUVRkbEttdkFVSHJOa0tNeERn?oc=5&hl=en-US&gl=US&ceid=US:en,robo_con_violencia
N028,ADN Radio,https://news.google.com/rss/articles/CBMi1AFBVV95cUxONHhRRG5lN01Ga2hMUHQxWjd3TFRrYzdNYjRZdkRZVXVxWXAtdndUTEprNEUxUVdZS0JZdjRCNjNqbU9BWEg3Q0FhYkd5LUtmZElfb0xhc1hSTmlua1ZKMlVzeVlVMmlDc285ckI3U3d3bFFfa1U1QnBmNlktTS1GdnFUeVZSMlJvbl9tTm5ZUDlKams2RHZtQS1xWnhkOEpwaGlZR0gxUEtIVnUxQmN3d3VwUENQX1JpX3g5cDB5SldKUnFiaGZncjgxYTdqY2F4V0pOTtIB6AFBVV95cUxNa3NJQkpIWEpvRUdQRzU2LUVTZlpPWUJwaWRacU1DeG5pbk1YNUxkaTd3emNPaG4tblY2ZXRCVlJWV0d1UnY4ZDk5YWJwWV9qZE1zeWRsZzNCOEYyREo4d1NQampETGRqSVJQYnhSZ05Zc1FRZU1yYWhOQXZIZkZoT2dNNnVOajVxbnNLRFczNi1neEE1d0NaUF83anlwVjE5RlNMbW5sUGVaRWpvSTdaaW5lOFNqOFNCR19BVmVhWUxZdHRTVTNFWnNmdlZuMFhkNGpScVFFWUJGeExvZjJNUGlBYmFqVG1U?oc=5&hl=en-US&gl=US&ceid=US:en,robo_con_violencia
N029,soy-chile.cl,https://news.google.com/rss/articles/CBMijgFBVV95cUxNY1pMSmI1dGI3SVB6M2ctc25vN25JZHlEMFpoV3JaZlN0WEExRFJvQ1M3QVBaYWZ6YVNaTl8tLWtsaWRWNTJfbHpUejRsY1NHUlUtUFE4SGRNR21OclpiYjgwUGp2bTBPNGNCYk9jTmcyMnhBcVdZbWpnaXRFblRKYmNpMjllZk12dHVTOUdR?oc=5&hl=en-US&gl=US&ceid=US:en,robo_con_violencia
N030,BioBioChile,https://news.google.com/rss/articles/CBMihwJBVV95cUxNT3JlM2c5OTBmdHJucW5wM3NSaGlsTEFic0tGeS02NklYWGhQOVkzcmRvVTFkaUpVZm1rNURIcjBPQ0w0QS1wTUJBVEpYNDRXTDZ6QTkxSjJtem13U01ZaTZyOU5neElmRUZ3RUs3Z2xoZUxMUkd1ZHVJVXRGMTREdVZEY0drSXNzSmpRY3F3Q2pjYk1HckhLWGJfaTE2LTdIaXRPOTliUXdac19sR2h2RDB4Z1FCMUZtR0ZNSHJ2VEkwM0l1dUJON3RKTVdlVHl0RS03OEszM2k1amNLV29jajBpZEpXQzVlNnRoSDlsWXQxbHJyUGtZdHQybUlfX0RhaFJCbGVMNA?oc=5&hl=en-US&gl=US&ceid=US:en,robo_con_violencia